{
	"providers": {
		"awscloudformation": {
			"AuthRoleName": "amplify-receipts-dev-191313-authRole",
			"UnauthRoleArn": "arn:aws:iam::033907049767:role/amplify-receipts-dev-191313-unauthRole",
			"AuthRoleArn": "arn:aws:iam::033907049767:role/amplify-receipts-dev-191313-authRole",
			"Region": "us-east-2",
			"DeploymentBucketName": "amplify-receipts-dev-191313-deployment",
			"UnauthRoleName": "amplify-receipts-dev-191313-unauthRole",
			"StackName": "amplify-receipts-dev-191313",
			"StackId": "arn:aws:cloudformation:us-east-2:033907049767:stack/amplify-receipts-dev-191313/c4be5740-1f98-11ea-88df-0608930970a0",
			"AmplifyAppId": "d1aq4r4ulwfv09"
		}
	},
	"api": {},
	"hosting": {},
	"auth": {}
}