{
	"api": {
		"receipts": {
			"service": "AppSync",
			"providerPlugin": "awscloudformation",
			"output": {
				"authConfig": {
					"additionalAuthenticationProviders": [],
					"defaultAuthentication": {
						"authenticationType": "API_KEY",
						"apiKeyConfig": {
							"description": "receipts",
							"apiKeyExpirationDays": 7
						}
					}
				}
			}
		}
	},
	"hosting": {},
	"auth": {
		"receipts00b60df8": {
			"service": "Cognito",
			"providerPlugin": "awscloudformation",
			"dependsOn": []
		}
	}
}